Type,Token
Limpio,curso
Limpio,completo
Limpio,python
Limpio,básico
Limpio,avanzado
Limpio,certificados
Limpio,información
Limpio,gracias
Limpio,busco
Limpio,desarrollador
Limpio,apps
Limpio,cuernavaca
Limpio,puedo
Limpio,descargarlo
Limpio,terabox
Limpio,agradezco
Limpio,material
Limpio,compartido
Limpio,dramatic
Limpio,footage
Limpio,shows
Limpio,wildlife
Limpio,rescue
Limpio,team
Limpio,performing
Limpio,highstakes
Limpio,procedure
Limpio,save
Limpio,golden
Limpio,retriever
Limpio,puppy
Limpio,massive
Limpio,python
Limpio,puppy
Limpio,swallowed
Limpio,whole
Limpio,minutes
Limpio,prior
Limpio,using
Limpio,playing
Limpio,terrible
Limpio,sino
Limpio,veo
Limpio,creo
Limpio,falta
Limpio,teroque
Limpio,fazer
Limpio,mujer
Limpio,brisbane
Limpio,sacó
Limpio,tranquilamente
Limpio,pitón
Limpio,alfombra
Limpio,pies
Limpio,habitación
Limpio,después
Limpio,despertar
Limpio,encontrar
Limpio,serpiente
Limpio,venenosa
Limpio,encima
Limpio,pecho
Limpio,lunes
Limpio,noche
Limpio,wtf
Limpio,chest
Limpio,basically
Limpio,sizing
Limpio,preparing
Limpio,feast
Limpio,woke
Limpio,huge
Limpio,sewer
Limpio,roach
Limpio,shirt
Limpio,one
Limpio,time
Limpio,officially
Limpio,worst
Limpio,wake
Limpio,got
Limpio,life
Limpio,living
Limpio,phoenix
Limpio,would
Limpio,burmese
Limpio,python
Limpio,carpet
Limpio,python
Limpio,word
Limpio,akhirnya
Limpio,dapet
Limpio,laptop
Limpio,buat
Limpio,ngoding
Limpio,langsung
Limpio,rajin
Limpio,bjir
Limpio,script
Limpio,dalam
Limpio,hari
Limpio,walau
Limpio,python
Limpio,semua
Limpio,brisik
Limpio,amat
Limpio,musiknya
Limpio,thinkpad
Limpio,enak
Limpio,upgrade
Limpio,kak
Limpio,biar
Limpio,codingnya
Limpio,makin
Limpio,lancar
Limpio,ready
Limpio,gpp
Limpio,bang
Limpio,awalnya
Limpio,mecut
Limpio,akhirnya
Limpio,juga
Limpio,mecut
Limpio,yang
Limpio,penting
Limpio,apaya
Limpio,betul
Limpio,mecut
Limpio,percayalah
Limpio,ini
Limpio,tidak
Limpio,akan
Limpio,bertahan
Limpio,dalam
Limpio,seminggu
Limpio,python
Limpio,java
Stemmed,curs
Stemmed,complet
Stemmed,python
Stemmed,basic
Stemmed,avanz
Stemmed,certific
Stemmed,inform
Stemmed,graci
Stemmed,busc
Stemmed,desarroll
Stemmed,apps
Stemmed,cuernavac
Stemmed,pued
Stemmed,descarg
Stemmed,terabox
Stemmed,agradezc
Stemmed,material
Stemmed,compart
Stemmed,dramatic
Stemmed,footag
Stemmed,shows
Stemmed,wildlif
Stemmed,rescu
Stemmed,team
Stemmed,performing
Stemmed,highstak
Stemmed,procedur
Stemmed,sav
Stemmed,gold
Stemmed,retriev
Stemmed,puppy
Stemmed,massiv
Stemmed,python
Stemmed,puppy
Stemmed,swallow
Stemmed,whol
Stemmed,minut
Stemmed,prior
Stemmed,using
Stemmed,playing
Stemmed,terribl
Stemmed,sin
Stemmed,veo
Stemmed,cre
Stemmed,falt
Stemmed,teroqu
Stemmed,faz
Stemmed,muj
Stemmed,brisban
Stemmed,sac
Stemmed,tranquil
Stemmed,piton
Stemmed,alfombr
Stemmed,pies
Stemmed,habit
Stemmed,despues
Stemmed,despert
Stemmed,encontr
Stemmed,serpient
Stemmed,venen
Stemmed,encim
Stemmed,pech
Stemmed,lun
Stemmed,noch
Stemmed,wtf
Stemmed,chest
Stemmed,basically
Stemmed,sizing
Stemmed,preparing
Stemmed,feast
Stemmed,wok
Stemmed,hug
Stemmed,sew
Stemmed,roach
Stemmed,shirt
Stemmed,one
Stemmed,tim
Stemmed,officially
Stemmed,worst
Stemmed,wak
Stemmed,got
Stemmed,lif
Stemmed,living
Stemmed,phoenix
Stemmed,would
Stemmed,burmes
Stemmed,python
Stemmed,carpet
Stemmed,python
Stemmed,word
Stemmed,akhirny
Stemmed,dapet
Stemmed,laptop
Stemmed,buat
Stemmed,ngoding
Stemmed,langsung
Stemmed,rajin
Stemmed,bjir
Stemmed,script
Stemmed,dalam
Stemmed,hari
Stemmed,walau
Stemmed,python
Stemmed,semu
Stemmed,brisik
Stemmed,amat
Stemmed,musikny
Stemmed,thinkp
Stemmed,enak
Stemmed,upgrad
Stemmed,kak
Stemmed,biar
Stemmed,codingny
Stemmed,makin
Stemmed,lanc
Stemmed,ready
Stemmed,gpp
Stemmed,bang
Stemmed,awalny
Stemmed,mecut
Stemmed,akhirny
Stemmed,jug
Stemmed,mecut
Stemmed,yang
Stemmed,penting
Stemmed,apay
Stemmed,betul
Stemmed,mecut
Stemmed,percayalah
Stemmed,ini
Stemmed,tidak
Stemmed,akan
Stemmed,bertah
Stemmed,dalam
Stemmed,seminggu
Stemmed,python
Stemmed,jav
