type,author,text,parent_url,processed_tokens,processed_text
post,NICOLAS MUÑOZ @NICOLAS71046251 · Jan 27,POR QUE LA JUSTICIA NO INVESTIGA A  SERGIO MASSA...?,https://x.com/NICOLAS71046251/status/2016216029999874296,"['justici', 'investig', 'sergi', 'mass']",justici investig sergi mass
comment,Freedom 4ta @Freedom250612 · 16h,Facil,https://x.com/NICOLAS71046251/status/2016216029999874296,['facil'],facil
comment,hdo @hdoian · 16h,Los intereses que se encolumnan detrás del ex “mejor” Mtro. de Economía no pueden darse el lujo de entregarlo sin daño directo.,https://x.com/NICOLAS71046251/status/2016216029999874296,"['interes', 'encolumn', 'detras', 'mejor', 'mtro', 'econom', 'pued', 'dars', 'luj', 'entreg', 'dañ', 'direct']",interes encolumn detras mejor mtro econom pued dars luj entreg dañ direct
comment,Sancho @horalfa · 19h,Massa: CAPO MAFIA,https://x.com/NICOLAS71046251/status/2016216029999874296,"['mass', 'cap', 'mafi']",mass cap mafi
comment,Siripo @Siripo11 · 4h,Porque los kukas tienen comprada a la justicia,https://x.com/NICOLAS71046251/status/2016216029999874296,"['kuk', 'compr', 'justici']",kuk compr justici
comment,julietacobos @julietacobos1 · 15h,@JMilei,https://x.com/NICOLAS71046251/status/2016216029999874296,[],
post,"FAN DE LAJE @AntonioLaje_ · Dec 31, 2025"," Nicolás Daniel Rodríguez y Daniela Silva Muñoz son ñoquis del Senado y militantes de la agrupación ultra K ""La Capitana"".   Quedaron detenidos por reiteradas violaciones y abusos contra 4 víctimas.   La pareja integra una secta religiosa que practica ritos sexuales y,",https://x.com/AntonioLaje_/status/2006456765013958906,"['nicolas', 'daniel', 'rodriguez', 'daniel', 'silv', 'muñoz', 'ñoquis', 'sen', 'milit', 'agrup', 'ultra', 'capitan', 'qued', 'deten', 'reiter', 'violacion', 'abus', 'victim', 'parej', 'integr', 'sect', 'religi', 'practic', 'rit', 'sexual']",nicolas daniel rodriguez daniel silv muñoz ñoquis sen milit agrup ultra capitan qued deten reiter violacion abus victim parej integr sect religi practic rit sexual
post,GAP @GordoAntiProgre · Jan 13,Detuvieron por captación y abuso de menores a Nicolás Rodríguez y Daniela Muñoz. Son militantes kukas de la agrupación La Capitana y empleados del Senado de Pba. El kirchnerismo es delincuencia. Abz!,https://x.com/GordoAntiProgre/status/2011210060073222448,"['detuv', 'captacion', 'abus', 'menor', 'nicolas', 'rodriguez', 'daniel', 'muñoz', 'milit', 'kuk', 'agrup', 'capitan', 'emple', 'sen', 'pba', 'kirchner', 'delincuent', 'abz']",detuv captacion abus menor nicolas rodriguez daniel muñoz milit kuk agrup capitan emple sen pba kirchner delincuent abz
post,ASB @GordoLeyes · Jan 14,"Nicolás Rodríguez y Daniela Muñoz. Munipas de Kicillof. Imputados por captación y abuso de menores. Como digo siempre, KUKA = PEDÓFILO.",https://x.com/GordoLeyes/status/2011644640345420283,"['nicolas', 'rodriguez', 'daniel', 'muñoz', 'munip', 'kicillof', 'imput', 'captacion', 'abus', 'menor', 'dig', 'siempr', 'kuk', 'pedofil']",nicolas rodriguez daniel muñoz munip kicillof imput captacion abus menor dig siempr kuk pedofil
comment,El Retrogrado @ERetrogado · Jan 14,ya estaba dicho: Victoria Tolosa Paz: “En el peronismo siempre se garchó” y si no querés te garchan igual,https://x.com/GordoLeyes/status/2011644640345420283,"['dich', 'victori', 'tolos', 'paz', 'peron', 'siempr', 'garch', 'queres', 'garch', 'igual']",dich victori tolos paz peron siempr garch queres garch igual
comment,Adriel mazzalors  @Adriel_Mzz · Jan 14,es facil KUKA = PEDOFILO,https://x.com/GordoLeyes/status/2011644640345420283,"['facil', 'kuk', 'pedofil']",facil kuk pedofil
comment,Juli C. @callmejuu_ · Jan 14,Se confirmó el vínculo con la hermana de cierta presa?,https://x.com/GordoLeyes/status/2011644640345420283,"['confirm', 'vincul', 'herman', 'ciert', 'pres']",confirm vincul herman ciert pres
comment,KRISTENSTE @KristensteStew · Jan 15,@SoyFeudaleM   mira la gente que defendes!!! Esto no te parece grave!!! Degenerada! Sucia como estás degenerados!! No tenés perdona,https://x.com/GordoLeyes/status/2011644640345420283,"['mir', 'gent', 'defend', 'parec', 'grav', 'degener', 'suci', 'degener', 'tenes', 'perdon']",mir gent defend parec grav degener suci degener tenes perdon
comment,Alfajor Milka  @CrisTo040804 · Jan 15,"Te das cuenta como le ponen ""empleados bonaerenses"", pero si una chica que ni forma parte del gobierno choca un poste le ponen ""LIBERTARIA""",https://x.com/GordoLeyes/status/2011644640345420283,"['das', 'cuent', 'pon', 'emple', 'bonaerens', 'chic', 'form', 'part', 'gobiern', 'choc', 'post', 'pon', 'libertari']",das cuent pon emple bonaerens chic form part gobiern choc post pon libertari
post,NICOLAS MUÑOZ@NICOLAS71046251·Jan 27,POR QUE LA JUSTICIA NO INVESTIGA A  SERGIO MASSA...?,https://x.com/NICOLAS71046251/status/2016216029999874296,"['justici', 'investig', 'sergi', 'mass']",justici investig sergi mass
comment,Freedom 4ta @Freedom250612 · 16h,Facil,https://x.com/NICOLAS71046251/status/2016216029999874296,['facil'],facil
comment,hdo @hdoian · 16h,Los intereses que se encolumnan detrás del ex “mejor” Mtro. de Economía no pueden darse el lujo de entregarlo sin daño directo.,https://x.com/NICOLAS71046251/status/2016216029999874296,"['interes', 'encolumn', 'detras', 'mejor', 'mtro', 'econom', 'pued', 'dars', 'luj', 'entreg', 'dañ', 'direct']",interes encolumn detras mejor mtro econom pued dars luj entreg dañ direct
comment,Siripo @Siripo11 · 4h,Porque los kukas tienen comprada a la justicia,https://x.com/NICOLAS71046251/status/2016216029999874296,"['kuk', 'compr', 'justici']",kuk compr justici
comment,Sancho @horalfa · 19h,Massa: CAPO MAFIA,https://x.com/NICOLAS71046251/status/2016216029999874296,"['mass', 'cap', 'mafi']",mass cap mafi
comment,julietacobos @julietacobos1 · 15h,@JMilei,https://x.com/NICOLAS71046251/status/2016216029999874296,[],
post,"FAN DE LAJE@AntonioLaje_·Dec 31, 2025"," Nicolás Daniel Rodríguez y Daniela Silva Muñoz son ñoquis del Senado y militantes de la agrupación ultra K ""La Capitana"".   Quedaron detenidos por reiteradas violaciones y abusos contra 4 víctimas.   La pareja integra una secta religiosa que practica ritos sexuales y,",https://x.com/AntonioLaje_/status/2006456765013958906,"['nicolas', 'daniel', 'rodriguez', 'daniel', 'silv', 'muñoz', 'ñoquis', 'sen', 'milit', 'agrup', 'ultra', 'capitan', 'qued', 'deten', 'reiter', 'violacion', 'abus', 'victim', 'parej', 'integr', 'sect', 'religi', 'practic', 'rit', 'sexual']",nicolas daniel rodriguez daniel silv muñoz ñoquis sen milit agrup ultra capitan qued deten reiter violacion abus victim parej integr sect religi practic rit sexual
comment,Homero @HomeroMarqus3 · Jan 1,Hay algún kuka que no sea pedófilo y merquero?,https://x.com/AntonioLaje_/status/2006456765013958906,"['algun', 'kuk', 'pedofil', 'merquer']",algun kuk pedofil merquer
comment,Graciela Cuff @GCuffoni · Jan 1,Ya en el programa de Lanata hace muchos años 3 chicas denunciaron los abusos sexuales dentro de la organizacion de la Cámpora. Ningun colectivo feminista las defendió.,https://x.com/AntonioLaje_/status/2006456765013958906,"['program', 'lanat', 'hac', 'años', 'chic', 'denunci', 'abus', 'sexual', 'dentr', 'organiz', 'campor', 'ningun', 'colect', 'femin', 'defend']",program lanat hac años chic denunci abus sexual dentr organiz campor ningun colect femin defend
comment,Francisco @Francis70115082 · Jan 1,Y no olvidarse de este colaborador de Mayra !!,https://x.com/AntonioLaje_/status/2006456765013958906,"['olvid', 'colabor', 'mayr']",olvid colabor mayr
comment,Gi_sela @Gisela86552210 · Jan 1,"Ah, pero  @magariovero  y  @Kicillofok   solo quieren la reelección indefinida!. . Convirtieron la legislatura BONAERENSE en un antro. Chocolategate, penes de madera, gel anal, estafa con guardapolvos, etc! Hay que ser muy descerebrado para votar a esa LACRAS!.",https://x.com/AntonioLaje_/status/2006456765013958906,"['sol', 'quier', 'reeleccion', 'indefin', 'convirt', 'legislatur', 'bonaerens', 'antro', 'chocolategat', 'pen', 'mader', 'gel', 'anal', 'estaf', 'guardapolv', 'etc', 'ser', 'descerebr', 'vot', 'lacr']",sol quier reeleccion indefin convirt legislatur bonaerens antro chocolategat pen mader gel anal estaf guardapolv etc ser descerebr vot lacr
comment,karina @karinapaniagua3 · Jan 1,El kirchnerismo es una enfermedad mental!,https://x.com/AntonioLaje_/status/2006456765013958906,"['kirchner', 'enfermed', 'mental']",kirchner enfermed mental
post,GAP@GordoAntiProgre·Jan 13,Detuvieron por captación y abuso de menores a Nicolás Rodríguez y Daniela Muñoz. Son militantes kukas de la agrupación La Capitana y empleados del Senado de Pba. El kirchnerismo es delincuencia. Abz!,https://x.com/GordoAntiProgre/status/2011210060073222448,"['detuv', 'captacion', 'abus', 'menor', 'nicolas', 'rodriguez', 'daniel', 'muñoz', 'milit', 'kuk', 'agrup', 'capitan', 'emple', 'sen', 'pba', 'kirchner', 'delincuent', 'abz']",detuv captacion abus menor nicolas rodriguez daniel muñoz milit kuk agrup capitan emple sen pba kirchner delincuent abz
comment,Sebastian Winchester @WinchesterSebas · Jan 13,No averigües que relación tiene Mayra con las prostitutas y menores que tienen tatuada una mariposa. Repito no lo hagas. Abz,https://x.com/GordoAntiProgre/status/2011210060073222448,"['averigü', 'relacion', 'mayr', 'prostitut', 'menor', 'tatu', 'marip', 'repit', 'hag', 'abz']",averigü relacion mayr prostitut menor tatu marip repit hag abz
comment,Ministro de Guerra  @Ale_pura_sangre · Jan 14,"Los kumpas, no solo una asociacion ilicita económica, tambien un conjunto de perversos sexuales. Completitos.",https://x.com/GordoAntiProgre/status/2011210060073222448,"['kump', 'sol', 'asoci', 'ilicit', 'econom', 'tambi', 'conjunt', 'pervers', 'sexual', 'completit']",kump sol asoci ilicit econom tambi conjunt pervers sexual completit
comment,Esclavos impositivos. Rehenes de Milei.  @NoPeronia · Jan 13,El peronismo es delincuencia. Siempre,https://x.com/GordoAntiProgre/status/2011210060073222448,"['peron', 'delincuent', 'siempr']",peron delincuent siempr
comment,margarita @_lafonola22 · Jan 13,El kirchnerismo y todos sus derivados   son secta.,https://x.com/GordoAntiProgre/status/2011210060073222448,"['kirchner', 'deriv', 'sect']",kirchner deriv sect
comment,KUKARACHAS @tucu_Kukarachas · Jan 13,"El PERONISMO... Son Abusadores Sexuales   José Alperovich está con ""domiciliaria"" por salud y anda fumando en el balcón",https://x.com/GordoAntiProgre/status/2011210060073222448,"['peron', 'abus', 'sexual', 'jos', 'alperovich', 'domiciliari', 'salud', 'anda', 'fum', 'balcon']",peron abus sexual jos alperovich domiciliari salud anda fum balcon
post,ASB@GordoLeyes·Jan 14,"Nicolás Rodríguez y Daniela Muñoz. Munipas de Kicillof. Imputados por captación y abuso de menores. Como digo siempre, KUKA = PEDÓFILO.",https://x.com/GordoLeyes/status/2011644640345420283,"['nicolas', 'rodriguez', 'daniel', 'muñoz', 'munip', 'kicillof', 'imput', 'captacion', 'abus', 'menor', 'dig', 'siempr', 'kuk', 'pedofil']",nicolas rodriguez daniel muñoz munip kicillof imput captacion abus menor dig siempr kuk pedofil
comment,El Retrogrado @ERetrogado · Jan 14,ya estaba dicho: Victoria Tolosa Paz: “En el peronismo siempre se garchó” y si no querés te garchan igual,https://x.com/GordoLeyes/status/2011644640345420283,"['dich', 'victori', 'tolos', 'paz', 'peron', 'siempr', 'garch', 'queres', 'garch', 'igual']",dich victori tolos paz peron siempr garch queres garch igual
comment,Adriel mazzalors  @Adriel_Mzz · Jan 14,es facil KUKA = PEDOFILO,https://x.com/GordoLeyes/status/2011644640345420283,"['facil', 'kuk', 'pedofil']",facil kuk pedofil
comment,Juli C. @callmejuu_ · Jan 14,Se confirmó el vínculo con la hermana de cierta presa?,https://x.com/GordoLeyes/status/2011644640345420283,"['confirm', 'vincul', 'herman', 'ciert', 'pres']",confirm vincul herman ciert pres
comment,KRISTENSTE @KristensteStew · Jan 15,@SoyFeudaleM   mira la gente que defendes!!! Esto no te parece grave!!! Degenerada! Sucia como estás degenerados!! No tenés perdona,https://x.com/GordoLeyes/status/2011644640345420283,"['mir', 'gent', 'defend', 'parec', 'grav', 'degener', 'suci', 'degener', 'tenes', 'perdon']",mir gent defend parec grav degener suci degener tenes perdon
comment,MD @md8888889 · Jan 15,"Existe algún KuKa que no sea pedófilo, violador, asesino, chorro, narKo, golpeador de mujeres, acosador...?",https://x.com/GordoLeyes/status/2011644640345420283,"['exist', 'algun', 'kuk', 'pedofil', 'violador', 'asesin', 'chorr', 'nark', 'golpeador', 'mujer', 'acos']",exist algun kuk pedofil violador asesin chorr nark golpeador mujer acos
post,Nicolás Medina Parada @nicomedinapa · Jan 26,"En libertad, acompañado de su pareja salió del tribunal Claudio Luna Muñoz (39) cuidador de un predio y acusado de iniciar el primer foco de incendio que se propagó hasta Tomé. No se logró comprobar ni descartar su participación en el hecho  @adnradiochile",https://x.com/nicomedinapa/status/2015889460118921421,"['libert', 'acompañ', 'parej', 'sal', 'tribunal', 'claudi', 'lun', 'muñoz', 'cuidador', 'predi', 'acus', 'inici', 'prim', 'foc', 'incendi', 'propag', 'tom', 'logr', 'comprob', 'descart', 'particip', 'hech']",libert acompañ parej sal tribunal claudi lun muñoz cuidador predi acus inici prim foc incendi propag tom logr comprob descart particip hech
comment,Nicolás Medina Parada @nicomedinapa · Jan 26,"Quedó con arresto domiciliario nocturno. El dueño del predio, un abogado y notario, lo tenía trabajando sin contrato. Dijo que nunca se le avisó sobre las condiciones en que estaba la cocina  @adnradiochile",https://x.com/nicomedinapa/status/2015889460118921421,"['qued', 'arrest', 'domiciliari', 'nocturn', 'dueñ', 'predi', 'abog', 'notari', 'trabaj', 'contrat', 'dij', 'nunc', 'avis', 'condicion', 'cocin']",qued arrest domiciliari nocturn dueñ predi abog notari trabaj contrat dij nunc avis condicion cocin
comment,Belén Canteros @BeleenBetsabe · 7h,Díganle a este hombre que un abogado quiere hablar con él para ayudarlo. ¿Alguien tendrá el contacto?,https://x.com/nicomedinapa/status/2015889460118921421,"['diganl', 'hombr', 'abog', 'quier', 'habl', 'ayud', '¿algui', 'contact']",diganl hombr abog quier habl ayud ¿algui contact
comment,Nicolás Medina Parada @nicomedinapa · 6h,"Su causa la está tomando el defensor regional de Biobío, Osvaldo Pizarro",https://x.com/nicomedinapa/status/2015889460118921421,"['caus', 'tom', 'defensor', 'regional', 'biobi', 'osvald', 'pizarr']",caus tom defensor regional biobi osvald pizarr
comment,carolina caro vega @colilina · Jan 27,No es el responsable,https://x.com/nicomedinapa/status/2015889460118921421,['respons'],respons
comment,Ale Muñoz  @AleMuQ5 · Jan 26,Me da sospecha y me da pena por el hombre imagínate que te pase un accidente así por una estufa en mal estado y el jefe su responsabilidad??? Se corta el hilo por lo más delgado como siempre...Pero le quieren cargar toda la culpa???   Por lo que sé son varios focos incendiarios,https://x.com/nicomedinapa/status/2015889460118921421,"['sospech', 'pen', 'hombr', 'imaginat', 'pas', 'accident', 'asi', 'estuf', 'mal', 'jef', 'respons', 'cort', 'hil', 'delg', 'siempreper', 'quier', 'carg', 'tod', 'culp', 'vari', 'foc', 'incendiari']",sospech pen hombr imaginat pas accident asi estuf mal jef respons cort hil delg siempreper quier carg tod culp vari foc incendiari
post,NariñoHoy @HoyNarino · 5h,"#Nariño| Gremios y autoridades de Nariño analizan impacto de la crisis comercial con Ecuador En la sede de la Cámara de Comercio de Pasto se desarrolló un encuentro ampliado del sector gremial de Nariño, con la participación del alcalde Nicolás Toro Muñoz y el gobernador Luis",https://x.com/HoyNarino/status/2016506234283659457,"['nariñ', 'gremi', 'autor', 'nariñ', 'analiz', 'impact', 'crisis', 'comercial', 'ecuador', 'sed', 'cam', 'comerci', 'past', 'desarroll', 'encuentr', 'ampli', 'sector', 'gremial', 'nariñ', 'particip', 'alcald', 'nicolas', 'tor', 'muñoz', 'gobern', 'luis']",nariñ gremi autor nariñ analiz impact crisis comercial ecuador sed cam comerci past desarroll encuentr ampli sector gremial nariñ particip alcald nicolas tor muñoz gobern luis
post,Pr Dinho Souza @prdinhosouza · Jan 27,"Nicolas é gigante. Um jovem que teve coragem de levantar a voz quando o Brasil estava dormindo — o sono do cansaço, o sono do medo, o sono de quem foi silenciado.  Essa caminhada não é comum. Ela está acordando uma nação e reescrevendo um novo capítulo da nossa história.",https://x.com/prdinhosouza/status/2016155158388900204,"['nicol', 'gigant', 'jovem', 'tev', 'coragem', 'levant', 'voz', 'quand', 'brasil', 'estav', 'dormind', 'son', 'cansaç', 'son', 'med', 'son', 'quem', 'foi', 'silenci', 'essa', 'caminh', 'não', 'comum', 'ela', 'acord', 'uma', 'naçã', 'reescrevend', 'nov', 'capitul', 'noss', 'histori']",nicol gigant jovem tev coragem levant voz quand brasil estav dormind son cansaç son med son quem foi silenci essa caminh não comum ela acord uma naçã reescrevend nov capitul noss histori
post,Romàn @RomanCues_i0sm · 2m," "" ...que los hombres que quieran tener hijos no dependan de una mujer ???????????  No se rían, es la teoría del gran salto evolutivo de Pedro Muñoz Lorite, el abogado que ha denunciado a  @oscar_puente_  por el accidente de Adamuz. Las mujeres están sobreprotegidas y",https://x.com/RomanCues_i0sm/status/2016594311819780504,"['hombr', 'quier', 'ten', 'hij', 'depend', 'muj', 'rian', 'teor', 'gran', 'salt', 'evolut', 'pedr', 'muñoz', 'lorit', 'abog', 'denunci', 'accident', 'adamuz', 'mujer', 'sobreproteg']",hombr quier ten hij depend muj rian teor gran salt evolut pedr muñoz lorit abog denunci accident adamuz mujer sobreproteg
comment,Romàn @RomanCues_i0sm · 1h,"¿Estamos bien de la cabeza?  En un primer momento, no pensaba colgar este video, pero creo que ofrece un perfil completo del personaje.   Dios les coja confesados: La puta Iglesia Católica, Fábrica de comunistas!!! Que aproveche.",https://x.com/RomanCues_i0sm/status/2016594311819780504,"['¿est', 'bien', 'cabez', 'prim', 'moment', 'pens', 'colg', 'vide', 'cre', 'ofrec', 'perfil', 'complet', 'personaj', 'dios', 'coj', 'confes', 'put', 'iglesi', 'catol', 'fabric', 'comun', 'aprovech']",¿est bien cabez prim moment pens colg vide cre ofrec perfil complet personaj dios coj confes put iglesi catol fabric comun aprovech
comment,Romàn @RomanCues_i0sm," "" ...que los hombres que quieran tener hijos no dependan de una mujer ???????????  No se rían, es la teoría del gran salto evolutivo de Pedro Muñoz Lorite, el abogado que ha denunciado a  @oscar_puente_  por el accidente de Adamuz. Las mujeres están sobreprotegidas y valoradas!! Dice el gacho.   https:// youtube.com/watch?v=9HV8YB PIIa0 …",https://x.com/RomanCues_i0sm/status/2016594311819780504,"['hombr', 'quier', 'ten', 'hij', 'depend', 'muj', 'rian', 'teor', 'gran', 'salt', 'evolut', 'pedr', 'muñoz', 'lorit', 'abog', 'denunci', 'accident', 'adamuz', 'mujer', 'sobreproteg', 'valor', 'dic', 'gach', 'youtubecomwatchvhvyb', 'pii']",hombr quier ten hij depend muj rian teor gran salt evolut pedr muñoz lorit abog denunci accident adamuz mujer sobreproteg valor dic gach youtubecomwatchvhvyb pii
post,Daniel Muñoz González @Danielmunozgo1 · Jan 4,Estados Unidos convirtió a Nicolás MADURO en un SÍMBOLO,https://x.com/Danielmunozgo1/status/2007983954301989286,"['unid', 'convirt', 'nicolas', 'madur', 'simbol']",unid convirt nicolas madur simbol
post,Antiponzista @PonzistaAnti · Jan 15,"Terrible el caso de estos dos psicopatas  Nicolás Rodríguez y Silvia Daniela Muñóz, eran empleados del Senado bonaerense y referentes de Movimiento Ciudadano “La Capitana”, una asociación kirchnerista que eran abusadores y violadores  Tenian una estructura piramidal y reclutaban",https://x.com/PonzistaAnti/status/2011838258448076961,"['terribl', 'cas', 'dos', 'psicopat', 'nicolas', 'rodriguez', 'silvi', 'daniel', 'muñoz', 'emple', 'sen', 'bonaerens', 'referent', 'movimient', 'ciudadan', 'capitan', 'asoci', 'kirchner', 'abus', 'violador', 'teni', 'estructur', 'piramidal', 'reclut']",terribl cas dos psicopat nicolas rodriguez silvi daniel muñoz emple sen bonaerens referent movimient ciudadan capitan asoci kirchner abus violador teni estructur piramidal reclut
comment,luis palmeyro @LuisPalmeyro · Jan 15,Todo ese chamanismo se reproduce en entornos de pobreza y miseria principalmente. Es tremendo.,https://x.com/PonzistaAnti/status/2011838258448076961,"['chaman', 'reproduc', 'entorn', 'pobrez', 'miseri', 'principal', 'tremend']",chaman reproduc entorn pobrez miseri principal tremend
comment,Emiliano Balaguer @BalaguerEmi · Jan 15,Lo que describe este párrafo (de otro artículo) lamentablemente es una práctica habitual   https:// 0221.com.ar/la-plata/detie nen-empleados-del-senado-y-dirigente-upcn-n121435 …,https://x.com/PonzistaAnti/status/2011838258448076961,"['describ', 'parraf', 'articul', 'lament', 'practic', 'habitual', 'comarlaplatadeti', 'nenempleadosdelsenadoydirigenteupcnn']",describ parraf articul lament practic habitual comarlaplatadeti nenempleadosdelsenadoydirigenteupcnn
comment,Pedro Sánchez salvando trenes del terrorista deVox @EonWaybright · Jan 15,Cómo vas a comparar a los pobres psicópatas con estos peronistas de pedown ,https://x.com/PonzistaAnti/status/2011838258448076961,"['com', 'vas', 'compar', 'pobr', 'psicopat', 'peron', 'pedown']",com vas compar pobr psicopat peron pedown
post,"Nicolás R. Muñoz  @nicolasrmunoz · Dec 31, 2025",Im very proud of representing my country  and sharing stage with people who have taught me so much ,https://x.com/nicolasrmunoz/status/2006326657020526791,"['very', 'proud', 'representing', 'country', 'and', 'sharing', 'stag', 'with', 'peopl', 'who', 'hav', 'taught', 'much']",very proud representing country and sharing stag with peopl who hav taught much
comment,"Esteban Ortiz @EstebanOrtizMD · Dec 31, 2025",Increíble Nicolás ! Que gran reconocimiento al esfuerzo y al trabajo duro ! Felicitaciones,https://x.com/nicolasrmunoz/status/2006326657020526791,"['increibl', 'nicolas', 'gran', 'reconoc', 'esfuerz', 'trabaj', 'dur', 'felicit']",increibl nicolas gran reconoc esfuerz trabaj dur felicit
comment,"Nicolás R. Muñoz  @nicolasrmunoz · Dec 31, 2025",Gracias amigo! Abrazo grande ,https://x.com/nicolasrmunoz/status/2006326657020526791,"['graci', 'amig', 'abraz', 'grand']",graci amig abraz grand
post,Abril @abrilcba_ · Jan 15,"Estos son Nicolás Rodríguez y Silvia Daniela Muñóz, dos kirxhneristas que abusaron de mujeres durantes años. Se hacían los feministas y eran tremendos delincuentes. Lacras.",https://x.com/abrilcba_/status/2011808112001401099,"['nicolas', 'rodriguez', 'silvi', 'daniel', 'muñoz', 'dos', 'kirxhner', 'abus', 'mujer', 'durant', 'años', 'hac', 'femin', 'tremend', 'delincuent', 'lacr']",nicolas rodriguez silvi daniel muñoz dos kirxhner abus mujer durant años hac femin tremend delincuent lacr
comment,Vasco @elvascocabral · Jan 15,Sabes la cantidad q abra como estos hdp...,https://x.com/abrilcba_/status/2011808112001401099,"['sab', 'cantid', 'abra', 'hdp']",sab cantid abra hdp
comment,Candida Auris  @CandidaAuris · Jan 15,Inés Perado De Senlace.,https://x.com/abrilcba_/status/2011808112001401099,"['ines', 'per', 'senlac']",ines per senlac
comment,Luis Roque Mora @roquetigre · Jan 15,"Serian líderes de una organización coercitiva, mas conocidas como Sektas.",https://x.com/abrilcba_/status/2011808112001401099,"['seri', 'lider', 'organiz', 'coercit', 'mas', 'conoc', 'sekt']",seri lider organiz coercit mas conoc sekt
comment,Claudia @crl1964 · Jan 16,"Se merecen cárcel en la mitad del desierto trabajando para comer, sin redes, sin celular ni beneficios. Inhabilitacion de por vida quitar las jubilaciones de privilegio. En Argentina tenemos q armar una cárcel como la de Bukele o Guantanamo. HDP",https://x.com/abrilcba_/status/2011808112001401099,"['merec', 'carcel', 'mit', 'desiert', 'trabaj', 'com', 'red', 'celul', 'benefici', 'inhabilit', 'vid', 'quit', 'jubil', 'privilegi', 'argentin', 'armar', 'carcel', 'bukel', 'guantanam', 'hdp']",merec carcel mit desiert trabaj com red celul benefici inhabilit vid quit jubil privilegi argentin armar carcel bukel guantanam hdp
comment,Ma. Evi @Evi52Cort · Jan 15,Se merecen + de 25 años en T del Fuego y muchos castigos +,https://x.com/abrilcba_/status/2011808112001401099,"['merec', 'años', 'fueg', 'castig']",merec años fueg castig
post,Alcaldía de Pasto @alcaldiapasto · Jan 27,"Durante el Comité Ampliado Intergremial en Pasto, el alcalde Nicolás Toro Muñoz hizo un llamado al Gobierno Nacional ante el aumento del 30% en aranceles, que afecta la economía fronteriza, e instó a activar los canales diplomáticos con Ecuador. #NicolásToro #ColombiaYEcuador",https://x.com/alcaldiapasto/status/2016102279418376196,"['comit', 'ampli', 'intergremial', 'past', 'alcald', 'nicolas', 'tor', 'muñoz', 'hiz', 'llam', 'gobiern', 'nacional', 'aument', 'arancel', 'afect', 'econom', 'fronteriz', 'insto', 'activ', 'canal', 'diplomat', 'ecuador', 'nicolastor', 'colombiayecu']",comit ampli intergremial past alcald nicolas tor muñoz hiz llam gobiern nacional aument arancel afect econom fronteriz insto activ canal diplomat ecuador nicolastor colombiayecu
post,Rafael Santiago @SantiagoRafa11 · Jan 19," Luis Muñoz es un joven repostero de 27 años, que fue secuestrado el 9 de enero del 2024 después que funcionarios del DGCIM le hicieran el encargo de una torta para capturarlo.  Al llegar al lugar de entrega, encapuchados lo esperaban por “haber escrito algo en WhatsApp.”",https://x.com/SantiagoRafa11/status/2013419979018747995,"['luis', 'muñoz', 'jov', 'reposter', 'años', 'secuestr', 'ener', 'despues', 'funcionari', 'dgcim', 'hic', 'encarg', 'tort', 'captur', 'lleg', 'lug', 'entreg', 'encapuch', 'esper', 'hab', 'escrit', 'whatsapp']",luis muñoz jov reposter años secuestr ener despues funcionari dgcim hic encarg tort captur lleg lug entreg encapuch esper hab escrit whatsapp
comment,Rafael Santiago @SantiagoRafa11 · Jan 19,El testimonio de la hermana de Luis en #HablanLosFamiliares de  @orlandomorenove :,https://x.com/SantiagoRafa11/status/2013419979018747995,"['testimoni', 'herman', 'luis', 'hablanlosfamiliar']",testimoni herman luis hablanlosfamiliar
comment,Rafael Santiago @SantiagoRafa11 · Jan 19,Corrección: el secuestro sucedió el 9 de enero del 2025.,https://x.com/SantiagoRafa11/status/2013419979018747995,"['correccion', 'secuestr', 'suced', 'ener']",correccion secuestr suced ener
comment,@Empapadadeamor @EmpapadaDeAmor · Jan 20,"Después no se vengan a quejar cuando los venezolanos, hartos de tanto abuso y maldad, los quieran linchar. Lo que le pasó a Maduro debería darles una lección de humildad.",https://x.com/SantiagoRafa11/status/2013419979018747995,"['despues', 'veng', 'quej', 'venezolan', 'hart', 'abus', 'mald', 'quier', 'linch', 'pas', 'madur', 'deb', 'darl', 'leccion', 'humild']",despues veng quej venezolan hart abus mald quier linch pas madur deb darl leccion humild
comment,DulceDeMenta  @yucenka2 · Jan 20,Y mucha gente sintiendo lastima por el dictador maduro,https://x.com/SantiagoRafa11/status/2013419979018747995,"['much', 'gent', 'lastim', 'dictador', 'madur']",much gent lastim dictador madur
comment,País en Cambio @PaisEnCAMBIO · Jan 20,"Todos esos esbirros deben ir presos. Muchos se meten a policias porque les permiten amenazar, extorsionar, matraquear, engañar, secuestrar, apresar y delinquir. La limpieza que el próximo gobierno debe hacer en los centros militares y policiales, será larga!",https://x.com/SantiagoRafa11/status/2013419979018747995,"['esbirr', 'deb', 'pres', 'met', 'polici', 'permit', 'amenaz', 'extorsion', 'matraqu', 'engañ', 'secuestr', 'apres', 'delinqu', 'limpiez', 'proxim', 'gobiern', 'deb', 'hac', 'centr', 'militar', 'policial', 'larg']",esbirr deb pres met polici permit amenaz extorsion matraqu engañ secuestr apres delinqu limpiez proxim gobiern deb hac centr militar policial larg
post,NICOLAS MUÑOZ @NICOLAS71046251 · Jan 23,MAYRA MENDOZA...,https://x.com/NICOLAS71046251/status/2014669265463345440,"['mayr', 'mendoz']",mayr mendoz
comment,Jorge Santoro @SantoroJorge · Jan 23,"Cobo robaste negra de mier, y te operaste la teta y el culo para satisfacer a los hombres que te encubren de tus delitos",https://x.com/NICOLAS71046251/status/2014669265463345440,"['cob', 'rob', 'negr', 'mier', 'oper', 'tet', 'cul', 'satisfac', 'hombr', 'encubr', 'delit']",cob rob negr mier oper tet cul satisfac hombr encubr delit
comment,OSO 53 @53_oso · Jan 23,Farsantes hipócritas hijos de put4,https://x.com/NICOLAS71046251/status/2014669265463345440,"['farsant', 'hipocrit', 'hij', 'put']",farsant hipocrit hij put
comment,Carlos @Baricarlos · Jan 23,qué comentario pelotudo!!,https://x.com/NICOLAS71046251/status/2014669265463345440,"['comentari', 'pelotud']",comentari pelotud
comment,José Carmelo @generalpepino · Jan 23,"Esperando la respuesta de la señora intendente,no x el echo de querer la mejor educación para su hija,sino desmintiendo que tiene cuentas en el exterior,no xq no tiene derecho a ahorrar,sino xq ella critica a quien lo hace en el exterior,x capitalistas",https://x.com/NICOLAS71046251/status/2014669265463345440,"['esper', 'respuest', 'señor', 'intendenten', 'echo', 'quer', 'mejor', 'educ', 'hijasin', 'desmint', 'cuent', 'exteriorn', 'derech', 'ahorrarsin', 'critic', 'hac', 'exteriorx', 'capital']",esper respuest señor intendenten echo quer mejor educ hijasin desmint cuent exteriorn derech ahorrarsin critic hac exteriorx capital
post,Kalina Ann @KalinaAnnGG · Jan 21,"Kicillof abrazando a Daniela Muñoz, una de las cabezas de la secta K ""La Orden de la Luz"", una red criminal dedicada a vioIar mujeres para satisfacer sexuaImente a su novio, Nicolas Rodríguez. Ambos empleados del Senado bonaerense, donde se perpetraron muchos de estos abusos.",https://x.com/KalinaAnnGG/status/2013948826617257990,"['kicillof', 'abraz', 'daniel', 'muñoz', 'cabez', 'sect', 'orden', 'luz', 'red', 'criminal', 'dedic', 'vioi', 'mujer', 'satisfac', 'sexuaiment', 'novi', 'nicol', 'rodriguez', 'ambos', 'emple', 'sen', 'bonaerens', 'perpetr', 'abus']",kicillof abraz daniel muñoz cabez sect orden luz red criminal dedic vioi mujer satisfac sexuaiment novi nicol rodriguez ambos emple sen bonaerens perpetr abus
comment,Inerte barra de carbono @InerteBarraC · Jan 21,"Siempre los kukas resultan ser terribles abusadores. Nunca falla, está en su ideología",https://x.com/KalinaAnnGG/status/2013948826617257990,"['siempr', 'kuk', 'result', 'ser', 'terribl', 'abus', 'nunc', 'fall', 'ideolog']",siempr kuk result ser terribl abus nunc fall ideolog
comment,AxL-16  @AXL_m16 · Jan 21,Kirchnerismo y cosas turbias siempre van de la mano,https://x.com/KalinaAnnGG/status/2013948826617257990,"['kirchner', 'cos', 'turbi', 'siempr', 'van', 'man']",kirchner cos turbi siempr van man
comment,Saint @FrankLasterLe · Jan 21,Hay algún kuka que no sea violador?,https://x.com/KalinaAnnGG/status/2013948826617257990,"['algun', 'kuk', 'violador']",algun kuk violador
comment,FlacaMartiColon   PATRIOTA @flaca_marti · Jan 22,"Milei se abraza con Scioli y muchos kukas más,son iguales.",https://x.com/KalinaAnnGG/status/2013948826617257990,"['milei', 'abraz', 'scioli', 'kuk', 'masson', 'igual']",milei abraz scioli kuk masson igual
comment,ERNESTO SUARCHE @SuarezEche28498 · Jan 21,"Didifoff adadando a Dadieda Dudos , uda de das dadedas de da dedda da.",https://x.com/KalinaAnnGG/status/2013948826617257990,"['didifoff', 'adad', 'dadied', 'dud', 'uda', 'das', 'daded', 'dedd']",didifoff adad dadied dud uda das daded dedd
post,mavica @mavica7 · Jan 16,Secta en el Senado bonaerense: investigan si una funcionaria quiso evitar que las denuncias salieran a la luz Melina Gaudino fue mencionada por tres mujeres que denunciaron a Nicolás Rodríguez y Daniela Silva Muñóz,https://x.com/mavica7/status/2012122336799989867,"['sect', 'sen', 'bonaerens', 'investig', 'funcionari', 'quis', 'evit', 'denunci', 'sal', 'luz', 'melin', 'gaudin', 'mencion', 'tres', 'mujer', 'denunci', 'nicolas', 'rodriguez', 'daniel', 'silv', 'muñoz']",sect sen bonaerens investig funcionari quis evit denunci sal luz melin gaudin mencion tres mujer denunci nicolas rodriguez daniel silv muñoz
post,Andrea Sosa @andytasosa · 2h," Senado bonaerense: piden prisión preventiva para empleados denunciados por abuso sexual  Se trata de Nicolás Daniel Rodríguez y Daniela Silva Muñoz, quienes fueron denunciados por al menos cuatro víctimas.   En LN+",https://x.com/andytasosa/status/2016561369479303449,"['sen', 'bonaerens', 'pid', 'prision', 'prevent', 'emple', 'denunci', 'abus', 'sexual', 'trat', 'nicolas', 'daniel', 'rodriguez', 'daniel', 'silv', 'muñoz', 'denunci', 'men', 'cuatr', 'victim']",sen bonaerens pid prision prevent emple denunci abus sexual trat nicolas daniel rodriguez daniel silv muñoz denunci men cuatr victim
post,NICOLAS MUÑOZ @NICOLAS71046251 · Jan 23,SI USTED ES UN SENADOR ONORABLE Y HONESTO... YO TRABAJO DE PUTA Y SOY VIRGEN...,https://x.com/NICOLAS71046251/status/2014710876540964921,"['usted', 'senador', 'onor', 'honest', 'trabaj', 'put', 'virg']",usted senador onor honest trabaj put virg
comment,carolina baigorria @carolinabaigor6 · Jan 23,"Recuerdo que con el lema  ""soy virgen"" se vendió e hizo famosa Wanda",https://x.com/NICOLAS71046251/status/2014710876540964921,"['recuerd', 'lem', 'virg', 'vend', 'hiz', 'famos', 'wand']",recuerd lem virg vend hiz famos wand
post,NICOLAS MUÑOZ @NICOLAS71046251 · Jan 21,"CASO NISMAN,NUEVAS  PERICIAS...",https://x.com/NICOLAS71046251/status/2013940019862409234,"['cas', 'nismannuev', 'perici']",cas nismannuev perici
post,Antonio Muñoz D. @MundoMunoz1997 · Jan 25,NICOLAS JURA QUE DEJAMOS A TEBI POR ORDEN SUYA  #LaCasaDeLosFamososCol3,https://x.com/MundoMunoz1997/status/2015626813553176716,"['nicol', 'jur', 'dej', 'tebi', 'orden', 'lacasadelosfamososcol']",nicol jur dej tebi orden lacasadelosfamososcol
comment,Antonio Muñoz D. @MundoMunoz1997 · Jan 26,#LaCasaDeLosFamososCol3 Mientras tanto Beba en el confesionario,https://x.com/MundoMunoz1997/status/2015626813553176716,"['lacasadelosfamososcol', 'mientr', 'beb', 'confesionari']",lacasadelosfamososcol mientr beb confesionari
post,Ely Yfran @YfranEly · Jan 21,"SIEMPRE LOS K Nicolás Rodríguez y Daniela Silva Muñoz, dos referentes de la militancia kirchnerista y feminista en La Plata, permanecen detenidos. Los acusan de captar jóvenes al menos desde 2015. Ya son cuatro las mujeres que fueron reconocidas como damnificadas.",https://x.com/YfranEly/status/2014169001249677329,"['siempr', 'nicolas', 'rodriguez', 'daniel', 'silv', 'muñoz', 'dos', 'referent', 'milit', 'kirchner', 'femin', 'plat', 'permanec', 'deten', 'acus', 'capt', 'joven', 'men', 'cuatr', 'mujer', 'reconoc', 'damnific']",siempr nicolas rodriguez daniel silv muñoz dos referent milit kirchner femin plat permanec deten acus capt joven men cuatr mujer reconoc damnific
comment,Aida Romero @Betyromero24 · Jan 22,"Cuánta IMPUNIDAD. Todos son Delincuentes,que Vergüenza tienen que quedar PRESOS!!!!",https://x.com/YfranEly/status/2014169001249677329,"['cuant', 'impun', 'delincuentesqu', 'vergüenz', 'qued', 'pres']",cuant impun delincuentesqu vergüenz qued pres
comment,MechitaCorta @robahiana · Jan 22,Grave!,https://x.com/YfranEly/status/2014169001249677329,['grav'],grav
comment,Nora Chico @NoraChico499779 · Jan 22,Inútiles como siempre y degenerados .,https://x.com/YfranEly/status/2014169001249677329,"['inutil', 'siempr', 'degener']",inutil siempr degener
comment,Leonor Piccioni (Leo) @LeonorPiccion12 · Jan 22,Pero  que hdp,https://x.com/YfranEly/status/2014169001249677329,['hdp'],hdp
comment,cesar alberto Bulos @bulos_cesa10944 · Jan 23,Ché y no hablas del psiquiátrico que se garcha a su perro embalsamado?,https://x.com/YfranEly/status/2014169001249677329,"['che', 'habl', 'psiquiatr', 'garch', 'perr', 'embalsam']",che habl psiquiatr garch perr embalsam
post,Nicolás R. Muñoz  @nicolasrmunoz · Jan 11,Di una charla en inglés hablando de las cosas buenas que tiene mi país  hace 5 años terminé el curso online de SER EXTRAORDINARIO con  @Vishen  en donde decreté que sería un speaker internacional  y hoy esa meta la cumplí junto al propio Vishen que también era speaker del,https://x.com/nicolasrmunoz/status/2010363459087868317,"['charl', 'ingles', 'habl', 'cos', 'buen', 'pais', 'hac', 'años', 'termin', 'curs', 'onlin', 'ser', 'extraordinari', 'decret', 'speak', 'internacional', 'hoy', 'met', 'cumpl', 'junt', 'propi', 'vish', 'speak']",charl ingles habl cos buen pais hac años termin curs onlin ser extraordinari decret speak internacional hoy met cumpl junt propi vish speak
comment,Carla Heredia♟ @HerediaCarla · Jan 11,"Felicidades! Un gran evento donde Ecuador estuvo representado por ti .   La próxima llévame, te cargo las maletas. Jaja",https://x.com/nicolasrmunoz/status/2010363459087868317,"['felic', 'gran', 'event', 'ecuador', 'represent', 'proxim', 'llevam', 'carg', 'malet', 'jaj']",felic gran event ecuador represent proxim llevam carg malet jaj
comment,Nicolás R. Muñoz  @nicolasrmunoz · Jan 12,Gracias Carlita ,https://x.com/nicolasrmunoz/status/2010363459087868317,"['graci', 'carlit']",graci carlit
post,NICOLAS MUÑOZ @NICOLAS71046251 · Jan 15,NATALIA SARACHO  NIEGA ROMANCE CON MAURICIO MACRI...,https://x.com/NICOLAS71046251/status/2011860216489611313,"['natali', 'sarach', 'nieg', 'romanc', 'maurici', 'macri']",natali sarach nieg romanc maurici macri
comment,Luis Alberto Torlaschi @TorlaschiLuis · Jan 15,Juajuajua Juajuajua Juajuajua Juajuajua Juajuajua Juajuajua Juajuajua Juajuajua Juajuajua Juajuajua Juajuajua Juajuajua Juajuajua Juajuajua Juajuajua Juajuajua Juajuajua Juajuajua,https://x.com/NICOLAS71046251/status/2011860216489611313,"['juajuaju', 'juajuaju', 'juajuaju', 'juajuaju', 'juajuaju', 'juajuaju', 'juajuaju', 'juajuaju', 'juajuaju', 'juajuaju', 'juajuaju', 'juajuaju', 'juajuaju', 'juajuaju', 'juajuaju', 'juajuaju', 'juajuaju', 'juajuaju']",juajuaju juajuaju juajuaju juajuaju juajuaju juajuaju juajuaju juajuaju juajuaju juajuaju juajuaju juajuaju juajuaju juajuaju juajuaju juajuaju juajuaju juajuaju
post,NICOLAS MUÑOZ @NICOLAS71046251 · Jan 24,NICOLAS MUÑOZ,https://x.com/NICOLAS71046251/status/2015048360701333802,"['nicol', 'muñoz']",nicol muñoz
comment,Rosalía @RoRo1982Malv · Jan 24,"Algunos tienen actitudes de hsdmp ,como el papadas",https://x.com/NICOLAS71046251/status/2015048360701333802,"['actitud', 'hsdmp', 'pap']",actitud hsdmp pap
comment,Sonia Ledesma @SoniaLedes57712 · Jan 24,Exacto!!! Muy buen Sábado para vos!!!,https://x.com/NICOLAS71046251/status/2015048360701333802,"['exact', 'buen', 'sab', 'vos']",exact buen sab vos
comment,🆁&🆅🅴🆁🅳🅳 . @Argento008 · Jan 24,La felicidad es la mujer casada ..Dijo Roque Narvaja,https://x.com/NICOLAS71046251/status/2015048360701333802,"['felic', 'muj', 'cas', 'dij', 'roqu', 'narvaj']",felic muj cas dij roqu narvaj
post,NICOLAS MUÑOZ @NICOLAS71046251 · Jan 17,PREOCUPATE MAS POR TU CONCIENCIA.,https://x.com/NICOLAS71046251/status/2012482473653871084,"['preocupat', 'mas', 'concienci']",preocupat mas concienci
post,NICOLAS MUÑOZ @NICOLAS71046251 · Jan 26,JAVIER MILEI...,https://x.com/NICOLAS71046251/status/2015763070438560035,"['javi', 'milei']",javi milei
post,NICOLAS MUÑOZ @NICOLAS71046251 · Jan 23,JAVIER MILEI Y LA  FILOSOFIA GRIEGA...,https://x.com/NICOLAS71046251/status/2014687372483478007,"['javi', 'milei', 'filosofi', 'grieg']",javi milei filosofi grieg
comment,PRSG04_02 @PRSG04_02 · Jan 23,Presidente,https://x.com/NICOLAS71046251/status/2014687372483478007,['president'],president
post,TN - Todo Noticias @todonoticias · Jan 15,"MILITABAN EN UN MOVIMIENTO QUE SE PROCLAMABA FEMINISTA, SE PRESENTABAN COMO REFERENTES DE GÉNERO Y ABUSARON SEXUALMENTE DE AL MENOS TRES MUJERES DURANTE AÑOS.   Nicolás Rodríguez y Silvia Daniela Muñóz son empleados del Senado bonaerense. Militan en un espacio político",https://x.com/todonoticias/status/2011771940827025527,"['milit', 'movimient', 'proclam', 'femin', 'present', 'referent', 'gener', 'abus', 'sexual', 'men', 'tres', 'mujer', 'años', 'nicolas', 'rodriguez', 'silvi', 'daniel', 'muñoz', 'emple', 'sen', 'bonaerens', 'milit', 'espaci', 'polit']",milit movimient proclam femin present referent gener abus sexual men tres mujer años nicolas rodriguez silvi daniel muñoz emple sen bonaerens milit espaci polit
comment,Agostini @agostini____ · Jan 15,Que sorpresa que sean kirchneristas!!!!,https://x.com/todonoticias/status/2011771940827025527,"['sorpres', 'kirchner']",sorpres kirchner
comment,Depe @augustogrinner · Jan 15,"¿Kirchos que se dicen feministas y abusan de mujeres? ¡NO LO PUEDO CREER, ES LA PRIMERA VEZ QUE PASA!...  ... es lo que diría si fuera un imbécil.",https://x.com/todonoticias/status/2011771940827025527,"['¿kirch', 'dic', 'femin', 'abus', 'mujer', '¡no', 'pued', 'cre', 'primer', 'vez', 'pas', 'dir', 'imbecil']",¿kirch dic femin abus mujer ¡no pued cre primer vez pas dir imbecil
comment,Mauro @maurodsimone · Jan 15,NO falla,https://x.com/todonoticias/status/2011771940827025527,['fall'],fall
comment,. @CroArg · Jan 16,Cuando son kirchneristas no es cadena nacional.,https://x.com/todonoticias/status/2011771940827025527,"['kirchner', 'caden', 'nacional']",kirchner caden nacional
comment,Dr. Nick  @Dr_Nck · Jan 15,"Recuerden, violar gente está mal, kukas, eso es mucho muy importante.",https://x.com/todonoticias/status/2011771940827025527,"['recuerd', 'viol', 'gent', 'mal', 'kuk', 'import']",recuerd viol gent mal kuk import
post,Nicolás R. Muñoz  @nicolasrmunoz · Jan 26,Descubre las #finanzaspersonales y el manejo de #dinero desde una óptica más humana #morirconcero,https://x.com/nicolasrmunoz/status/2015911221979955560,"['descubr', 'finanzaspersonal', 'manej', 'diner', 'optic', 'human', 'morirconcer']",descubr finanzaspersonal manej diner optic human morirconcer
post,"Juan Esteban Suraci @juansuraci · Nov 7, 2025","#GimnasiaMza - Informa  @TibuFernandez07   la lista de jugadores que seguirán ligados al club: César Rigamonti, Facundo Nadalin, Diego Mondino, Imanol González, Franco Saavedra, Matías Recalde, Lautaro Carrera, Fermín Antonini, Matías Muñoz, Nicolás Romano, Luciano Cingolani,",https://x.com/juansuraci/status/1986835340477251963,"['gimnasiamz', 'inform', 'list', 'jugador', 'segu', 'lig', 'club', 'ces', 'rigamonti', 'facund', 'nadalin', 'dieg', 'mondin', 'imanol', 'gonzalez', 'franc', 'saavedr', 'mat', 'recald', 'lautar', 'carrer', 'fermin', 'antonini', 'mat', 'muñoz', 'nicolas', 'roman', 'lucian', 'cingolani']",gimnasiamz inform list jugador segu lig club ces rigamonti facund nadalin dieg mondin imanol gonzalez franc saavedr mat recald lautar carrer fermin antonini mat muñoz nicolas roman lucian cingolani
post,NICOLAS MUÑOZ @NICOLAS71046251 · Jan 25,"EL SER FANATICO K,DESTRUYE EL CEREBRO...",https://x.com/NICOLAS71046251/status/2015389368324702391,"['ser', 'fanat', 'kdestru', 'cerebr']",ser fanat kdestru cerebr
post,ElCanciller.com @elcancillercom · Jan 21,[JUSTICIA] Imputaron por otros cinco hechos de abuso sexual a los dos empleados del Senado bonaerense acusados de liderar una secta: Nicolás Rodríguez y Daniela Silva Muñoz ya se encuentran detenidos por otros hechos de violencia sexual contra tres mujeres.,https://x.com/elcancillercom/status/2014029474363220079,"['justici', 'imput', 'cinc', 'hech', 'abus', 'sexual', 'dos', 'emple', 'sen', 'bonaerens', 'acus', 'lider', 'sect', 'nicolas', 'rodriguez', 'daniel', 'silv', 'muñoz', 'encuentr', 'deten', 'hech', 'violenci', 'sexual', 'tres', 'mujer']",justici imput cinc hech abus sexual dos emple sen bonaerens acus lider sect nicolas rodriguez daniel silv muñoz encuentr deten hech violenci sexual tres mujer
post,NICOLAS MUÑOZ @NICOLAS71046251 · Jan 23,"SRGIO MASSA DE IR PRESO ,JUNTO A  ALBERTO FERNANDEZ  Y CRISTINA...NO PUEDEN ESTAR SUELTOS CON LO QUE ROBARON Y  MALGASTARON EN  SUCIA POLITICA...",https://x.com/NICOLAS71046251/status/2014686133532131639,"['srgi', 'mass', 'pres', 'junt', 'albert', 'fernandez', 'cristinan', 'pued', 'suelt', 'rob', 'malgast', 'suci', 'polit']",srgi mass pres junt albert fernandez cristinan pued suelt rob malgast suci polit
comment,Graciela @gracielaleono · Jan 23,Tal cual cuando la justicia lo va a investigar protegido,https://x.com/NICOLAS71046251/status/2014686133532131639,"['tal', 'justici', 'investig', 'proteg']",tal justici investig proteg
comment,Alberto Daniel Pena Randolfe @PenaRandol60579 · Jan 25,Qué se haga realidad de una vez por todas!!.-,https://x.com/NICOLAS71046251/status/2014686133532131639,"['hag', 'realid', 'vez', 'tod']",hag realid vez tod
comment,Horacio Lopez @merdos1957 · Jan 23,SABEN QUE MASSITA SE ROBO LAS REJAS !!!,https://x.com/NICOLAS71046251/status/2014686133532131639,"['sab', 'massit', 'rob', 'rej']",sab massit rob rej
comment,Crocus @CROCA2020 · Jan 24,Son una organización delictiva y terrorista,https://x.com/NICOLAS71046251/status/2014686133532131639,"['organiz', 'delict', 'terror']",organiz delict terror
comment,Sil. @SilSanchoLadran · Jan 23,Team . Los blindados!,https://x.com/NICOLAS71046251/status/2014686133532131639,"['team', 'blind']",team blind
post,NICOLAS MUÑOZ @NICOLAS71046251 · Jan 26,NO LO ENTENDERIAS ...?,https://x.com/NICOLAS71046251/status/2015762558704091316,['entenderi'],entenderi
comment,DaV€ @Dave2463ray · Jan 26,estan presos???,https://x.com/NICOLAS71046251/status/2015762558704091316,"['estan', 'pres']",estan pres
comment,albertcruz #BAPC @albertcruharry2 · Jan 26,"Súmale que estuvo o está , Tinelli y todos sus parientes y la vieja mapache  @SoyFeudaleM  .. ",https://x.com/NICOLAS71046251/status/2015762558704091316,"['sumal', 'tinelli', 'parient', 'viej', 'mapach']",sumal tinelli parient viej mapach
comment,Juan Salas @juanjo0865 · Jan 26,Y ahora los paladines de verdad y la justicia que dirán ?,https://x.com/NICOLAS71046251/status/2015762558704091316,"['ahor', 'paladin', 'verd', 'justici', 'diran']",ahor paladin verd justici diran
comment,Monica Frodl @FrodlMonica · Jan 26,"Nunca comprendí, que hacía Fantino ahí, ¡lástima!",https://x.com/NICOLAS71046251/status/2015762558704091316,"['nunc', 'comprend', 'hac', 'fantin', 'ahi', '¡lastim']",nunc comprend hac fantin ahi ¡lastim
comment,Osvaldo Gerardo Leo @osvaldo_leo18 · Jan 26,"Con estos dos, creo cualquiera",https://x.com/NICOLAS71046251/status/2015762558704091316,"['dos', 'cre', 'cualqu']",dos cre cualqu
post,Resumido @Resumidoinfo · Jan 21, Nuevas imputaciones para los empleados del Senado bonaerense acusados de liderar una secta  Nicolás Rodríguez y Daniela Silva Muñoz enfrentan cargos por abusos sexuales reiterados y manipulación psicológica. Mañana peritarán sus celulares ,https://x.com/Resumidoinfo/status/2014027229873746093,"['nuev', 'imput', 'emple', 'sen', 'bonaerens', 'acus', 'lider', 'sect', 'nicolas', 'rodriguez', 'daniel', 'silv', 'muñoz', 'enfrent', 'carg', 'abus', 'sexual', 'reiter', 'manipul', 'psicolog', 'mañan', 'perit', 'celular']",nuev imput emple sen bonaerens acus lider sect nicolas rodriguez daniel silv muñoz enfrent carg abus sexual reiter manipul psicolog mañan perit celular
post," fred le gaulois  Uniondesdroites  @FredGaulois · Oct 14, 2024","Dans la catégorie, on marche sur la tête, attention, accrochez vous bien à votre siège  Nicolas a 26 ans, en 2013, lycéen, il est accusé pour la 1ère fois d'agressions sexuelles et condamné à 4 mois de prison avec sursis. Etudiant en médecine, il récidive, entre 2017 et 2020, 3",https://x.com/FredGaulois/status/1845890880294867054,"['dans', 'categori', 'march', 'sur', 'tête', 'attention', 'accrochez', 'vous', 'bien', 'votr', 'sièg', 'nicol', 'ans', 'lyce', 'est', 'accus', 'pour', 'ère', 'fois', 'dagressions', 'sexuell', 'condamn', 'mois', 'prison', 'avec', 'sursis', 'etudiant', 'medecin', 'recidiv']",dans categori march sur tête attention accrochez vous bien votr sièg nicol ans lyce est accus pour ère fois dagressions sexuell condamn mois prison avec sursis etudiant medecin recidiv
comment,"moreau @moreau47957875 · Oct 14, 2024",je suis dégoûté  je suis infirmière suspendue qui n'a pas pu reprendre le travail car inquiété par l'ordre et ce mec est un violeur et il a le droit de bosser c'est honteux ,https://x.com/FredGaulois/status/1845890880294867054,"['suis', 'degoût', 'suis', 'infirmièr', 'suspendu', 'qui', 'pas', 'reprendr', 'travail', 'car', 'inquiet', 'par', 'lordr', 'mec', 'est', 'violeur', 'droit', 'boss', 'cest', 'honteux']",suis degoût suis infirmièr suspendu qui pas reprendr travail car inquiet par lordr mec est violeur droit boss cest honteux
comment,"BreiZaTao KozaQ @hue7_hue · Oct 14, 2024",Jamais inquiété par le conseil de l'Ordre: le chirurgien Joël Le Scouarnec frise les 300 victimes...,https://x.com/FredGaulois/status/1845890880294867054,"['jamais', 'inquiet', 'par', 'conseil', 'lordr', 'chirurgi', 'joël', 'scouarnec', 'fris', 'victim']",jamais inquiet par conseil lordr chirurgi joël scouarnec fris victim
comment,"THIBAUT  @Anabellatibo · Oct 14, 2024",26 ans > encore lycéen  et déjà violeur et finit comme gynécologue   et pour bientôt Ministre de la Santé au gouvernement de Macron ,https://x.com/FredGaulois/status/1845890880294867054,"['ans', 'encor', 'lyce', 'dejà', 'violeur', 'finit', 'comm', 'gynecolog', 'pour', 'bientôt', 'ministr', 'sant', 'gouvernement', 'macron']",ans encor lyce dejà violeur finit comm gynecolog pour bientôt ministr sant gouvernement macron
comment,"Eltoro @Dl40Satanas · Oct 14, 2024",C'est de pire en pire ce pays.  Faut supprimer le ministère de la justice vu qu'il n'y en a plus,https://x.com/FredGaulois/status/1845890880294867054,"['cest', 'pir', 'pir', 'pays', 'faut', 'supprim', 'ministèr', 'justic', 'quil', 'plus']",cest pir pir pays faut supprim ministèr justic quil plus
comment,"RR75 @CALIXTE9275 · Oct 14, 2024","Nicolas a une future carrière de violeur en série qui l’attend sous l’avale de  @ordre_medecins  spécialistes des violeurs et des pédocriminels ! Ils ont protégé Joël Le Scouarnec, le plus grand pédocriminel de France, ils protègeront Nicolas !",https://x.com/FredGaulois/status/1845890880294867054,"['nicol', 'une', 'futur', 'carrièr', 'violeur', 'seri', 'qui', 'attend', 'sous', 'aval', 'specialist', 'des', 'violeurs', 'des', 'pedocriminels', 'ils', 'ont', 'proteg', 'joël', 'scouarnec', 'plus', 'grand', 'pedocriminel', 'franc', 'ils', 'protègeront', 'nicol']",nicol une futur carrièr violeur seri qui attend sous aval specialist des violeurs des pedocriminels ils ont proteg joël scouarnec plus grand pedocriminel franc ils protègeront nicol
post,Diario El Salvador @elsalvador · Jan 10,"#DeDeportes «El futbolista salvadoreño debe tener más deseo de superación», Nicolas Muñoz  El ex jugador panameño, ahora comentarista de TV, dio su opinión sobre la actualidad del fútbol en El Salvador y el cambio en la Fesfut.",https://x.com/elsalvador/status/2010187408126648330,"['dedeport', 'futbol', 'salvadoreñ', 'deb', 'ten', 'dese', 'super', 'nicol', 'muñoz', 'jugador', 'panameñ', 'ahor', 'comentar', 'dio', 'opinion', 'actual', 'futbol', 'salvador', 'cambi', 'fesfut']",dedeport futbol salvadoreñ deb ten dese super nicol muñoz jugador panameñ ahor comentar dio opinion actual futbol salvador cambi fesfut
comment,RikiLuxen @Iuvnriki · Jan 10,panama vet calls out weak salvador grind,https://x.com/elsalvador/status/2010187408126648330,"['panam', 'vet', 'calls', 'out', 'weak', 'salvador', 'grind']",panam vet calls out weak salvador grind
post,Ecuavisa Noticias @EcuavisaInforma · Jan 3," El alcalde de #Quito, Pabel Muñoz, es la primera autoridad de #Ecuador que se pronuncia por la incursión armada de Estados Unidos en Venezuela que ha culminado con la captura de Nicolás Maduro, según informó Donald Trump.   https:// bit.ly/493hR2S",https://x.com/EcuavisaInforma/status/2007416651143324101,"['alcald', 'quit', 'pabel', 'muñoz', 'primer', 'autor', 'ecuador', 'pronunci', 'incursion', 'armad', 'unid', 'venezuel', 'culmin', 'captur', 'nicolas', 'madur', 'segun', 'inform', 'donald', 'trump', 'bitlyhrs']",alcald quit pabel muñoz primer autor ecuador pronunci incursion armad unid venezuel culmin captur nicolas madur segun inform donald trump bitlyhrs
comment,italo @italogtorres · Jan 3,"Perro naRCo5 todavía te queda Cuba, Nicaragua y México para que se puedan fugar",https://x.com/EcuavisaInforma/status/2007416651143324101,"['perr', 'narc', 'todav', 'qued', 'cub', 'nicaragu', 'mexic', 'pued', 'fug']",perr narc todav qued cub nicaragu mexic pued fug
comment,Carlos Arguello @carguellosr · Jan 3,"Anda, y reclama tú, pues glosado sectario; toda latinoamérica está agradecida de qué se capturó al jefe del cartel de los soles",https://x.com/EcuavisaInforma/status/2007416651143324101,"['anda', 'reclam', 'pues', 'glos', 'sectari', 'tod', 'latinoamer', 'agradec', 'captur', 'jef', 'cartel', 'sol']",anda reclam pues glos sectari tod latinoamer agradec captur jef cartel sol
comment,Juan F Chediak @Jfchediak · Jan 3,"Todos los compadres y defensores de las dictaduras mas descaradas de la historia en Latinoamérica, salen a defender lo indefendible. Todos los pueblos americanos quieren vivir en democracia, todos menos quienes hacen de la política su negocio de vida. Se les acaba la teta!",https://x.com/EcuavisaInforma/status/2007416651143324101,"['compadr', 'defensor', 'dictadur', 'mas', 'descar', 'histori', 'latinoamer', 'sal', 'defend', 'indefend', 'puebl', 'american', 'quier', 'viv', 'democraci', 'men', 'hac', 'polit', 'negoci', 'vid', 'acab', 'tet']",compadr defensor dictadur mas descar histori latinoamer sal defend indefend puebl american quier viv democraci men hac polit negoci vid acab tet
comment,Imbaura_y_Mas @Imba_bura2 · Jan 3,"El NO ALCALDE,  NO ES LA PRIMERA AUTORIDAD DE ECUADOR, es la última rueda del coche, no tiene dignidad. Un glosado, entró con fraude,  con qué cara opina ?  El mismo, debe abandonar un cargo que no le pertenece.",https://x.com/EcuavisaInforma/status/2007416651143324101,"['alcald', 'primer', 'autor', 'ecuador', 'ultim', 'rued', 'coch', 'dignid', 'glos', 'entro', 'fraud', 'car', 'opin', 'mism', 'deb', 'abandon', 'carg', 'pertenec']",alcald primer autor ecuador ultim rued coch dignid glos entro fraud car opin mism deb abandon carg pertenec
comment,Xander  @xand3r_cratos · Jan 3,Tic toc amigos de maduro,https://x.com/EcuavisaInforma/status/2007416651143324101,"['tic', 'toc', 'amig', 'madur']",tic toc amig madur
post,Teleamazonas @teleamazonasec · Jan 3,"'Latinoamérica debe rechazar cualquier ataque', alcalde de Quito, Pabel Muñoz se pronuncia tras ataque de EE.UU. contra el gobierno de Nicolás Maduro  https:// f.mtr.cool/dwbansoyjw",https://x.com/teleamazonasec/status/2007413493733917016,"['latinoamer', 'deb', 'rechaz', 'cualqui', 'ataqu', 'alcald', 'quit', 'pabel', 'muñoz', 'pronunci', 'tras', 'ataqu', 'eeuu', 'gobiern', 'nicolas', 'madur', 'fmtrcooldwbansoyjw']",latinoamer deb rechaz cualqui ataqu alcald quit pabel muñoz pronunci tras ataqu eeuu gobiern nicolas madur fmtrcooldwbansoyjw
comment,Mar Pantoj @Riobambenitax · Jan 3,"Nadie que no sea venezolano puede opinar sobre este asunto, solo ellos han vivido el hambre, la persecución, el secuestro de su país. Solo ellos están legitimados para sentirse libres o vulnerados.  Los demás solo podemos pedir que Dios bendiga a Venezuela",https://x.com/teleamazonasec/status/2007413493733917016,"['nadi', 'venezolan', 'pued', 'opin', 'asunt', 'sol', 'viv', 'hambr', 'persecu', 'secuestr', 'pais', 'sol', 'legitim', 'sent', 'libr', 'vulner', 'demas', 'sol', 'pod', 'ped', 'dios', 'bendig', 'venezuel']",nadi venezolan pued opin asunt sol viv hambr persecu secuestr pais sol legitim sent libr vulner demas sol pod ped dios bendig venezuel
comment,IMMORTALec @immortal194 · Jan 3,Pabel no nos representa a los quiteños.,https://x.com/teleamazonasec/status/2007413493733917016,"['pabel', 'represent', 'quiteñ']",pabel represent quiteñ
comment,Imbaura_y_Mas @Imba_bura2 · Jan 3,"Repito, NO NOS IMPORTA SU OPINION. Pongan opiniones de gente decente por favor.",https://x.com/teleamazonasec/status/2007413493733917016,"['repit', 'import', 'opinion', 'pong', 'opinion', 'gent', 'decent', 'favor']",repit import opinion pong opinion gent decent favor
comment,Mercy @MercyAraujoH1 · Jan 3,2026 empieza muy bien,https://x.com/teleamazonasec/status/2007413493733917016,"['empiez', 'bien']",empiez bien
comment,La Flacaᵕ̈  @quemasflaca · Jan 3,? El chiste se cuenta solo,https://x.com/teleamazonasec/status/2007413493733917016,"['chist', 'cuent', 'sol']",chist cuent sol
post,"BN @BNPeriodismo · Nov 17, 2025","Conversamos con Gonzalo Muñoz, abogado y analista político, sobre algunas hipótesis de la contundente derrota de Daniel Noboa en la Consulta. ""Unos voceros de pacotilla. Jamás pudieron trasladar  la importancia de un referendum y una consulta popular a la ciudadania"", dijo Muñoz",https://x.com/BNPeriodismo/status/1990453687030853995,"['convers', 'gonzal', 'muñoz', 'abog', 'anal', 'polit', 'hipotesis', 'contundent', 'derrot', 'daniel', 'nobo', 'consult', 'vocer', 'pacotill', 'jamas', 'pud', 'traslad', 'import', 'referendum', 'consult', 'popul', 'ciudadani', 'dij', 'muñoz']",convers gonzal muñoz abog anal polit hipotesis contundent derrot daniel nobo consult vocer pacotill jamas pud traslad import referendum consult popul ciudadani dij muñoz
post,GATO TURKO @ELRINCONDELGAT8 · Jan 25,"Nicolas es un personaje muy interesante y con muchas cosas a su favor , pero creo esos 52% en la primera semana le ha hecho perder el piso y hecho muy soberbio #LaCasaDeLosFamosososCol3",https://x.com/ELRINCONDELGAT8/status/2015404420121473379,"['nicol', 'personaj', 'interes', 'much', 'cos', 'favor', 'cre', 'primer', 'seman', 'hech', 'perd', 'pis', 'hech', 'soberbi', 'lacasadelosfamosososcol']",nicol personaj interes much cos favor cre primer seman hech perd pis hech soberbi lacasadelosfamosososcol
post,NICOLAS MUÑOZ @NICOLAS71046251 · Jan 21,"BRAVA,LA HERMANA DE CRISTINA...",https://x.com/NICOLAS71046251/status/2013939762730508708,"['braval', 'herman', 'cristin']",braval herman cristin
comment,Ma. Evi @Evi52Cort · Jan 22,Y es Flia. ,https://x.com/NICOLAS71046251/status/2013939762730508708,['fli'],fli
comment,Diafre @Diafre1 · Jan 21,Son k no les falta nada .,https://x.com/NICOLAS71046251/status/2013939762730508708,['falt'],falt
comment,VVG   @VVG03949267 · Jan 21,Muy Monto,https://x.com/NICOLAS71046251/status/2013939762730508708,['mont'],mont
comment,JoeSilver @JosGonz33335841 · Jan 21,También la cagó a la Kris?,https://x.com/NICOLAS71046251/status/2013939762730508708,"['cag', 'kris']",cag kris
comment,liliana isabel @Liliana198611 · Jan 21,"Que ascooooo por favor,  ficha limpia ya",https://x.com/NICOLAS71046251/status/2013939762730508708,"['ascoooo', 'favor', 'fich', 'limpi']",ascoooo favor fich limpi
post,NICOLAS MUÑOZ @NICOLAS71046251 · Jan 21,"QUE ALGUIEN DESPIERTE A LA JUSTICIA,POR FAVOR...",https://x.com/NICOLAS71046251/status/2013935599531548839,"['algui', 'despiert', 'justiciapor', 'favor']",algui despiert justiciapor favor
post,NICOLAS MUÑOZ @NICOLAS71046251 · Jan 17,TREMENDO RECIBIMIENTO....,https://x.com/NICOLAS71046251/status/2012481231544279040,"['tremend', 'recib']",tremend recib
post,NICOLAS MUÑOZ @NICOLAS71046251 · Jan 25,CLUBES POBRES Y AFA RICA...NO SIRVE.,https://x.com/NICOLAS71046251/status/2015404022832796148,"['club', 'pobr', 'afa', 'rican', 'sirv']",club pobr afa rican sirv
comment,Diafre @Diafre1 · Jan 25,Cómo los sindicalistas y como todos los peronistas que gobernaron el país todos igualitos .,https://x.com/NICOLAS71046251/status/2015404022832796148,"['com', 'sindical', 'peron', 'gobern', 'pais', 'igualit']",com sindical peron gobern pais igualit
comment,Pato Loren @PatoLoren1 · Jan 25,Y los clubes todos en silencio,https://x.com/NICOLAS71046251/status/2015404022832796148,"['club', 'silenci']",club silenci
comment,rosarito @rosarit21942522 · Jan 25,Tránsfugas,https://x.com/NICOLAS71046251/status/2015404022832796148,['transfug'],transfug
comment,José Luis Franchino @franchino_jose · Jan 25,"Hdp's no paran. La angurria de esta gente no se compara con nada. No conocen la vergüenza, la decencia no nada bueno, virtuoso o creativo, jamás",https://x.com/NICOLAS71046251/status/2015404022832796148,"['hdps', 'par', 'angurri', 'gent', 'comp', 'conoc', 'vergüenz', 'decenci', 'buen', 'virtuos', 'creativ', 'jamas']",hdps par angurri gent comp conoc vergüenz decenci buen virtuos creativ jamas
comment,Gallegovago @gallegovago · Jan 25,Parece la oficina de un sindicalista.,https://x.com/NICOLAS71046251/status/2015404022832796148,"['parec', 'oficin', 'sindical']",parec oficin sindical
